model,pipeline,best_lr,task_acc,task_f1,concept_acc,concept_f1,combined_score
bert-base-uncased,standard,5e-05,0.8240469208211144,0.688375776775923,0.0,0.0,0.8240469208211144
bert-base-uncased,joint,2e-05,0.8269794721407625,0.6626423193654946,0.6378299120234604,0.6484104906658407,1.464809384164223
roberta-base,standard,1e-05,0.8357771260997068,0.6919602529358627,0.0,0.0,0.8357771260997068
roberta-base,joint,2e-05,0.844574780058651,0.701691837913675,0.6638563049853372,0.6911008405643698,1.5084310850439882
gpt2,standard,0.0002,0.8269794721407625,0.6035274411272047,0.0,0.0,0.8269794721407625
gpt2,joint,5e-05,0.8211143695014663,0.6269882542813593,0.6488269794721407,0.6832475708895078,1.469941348973607
lstm,standard,0.0001,0.7917888563049853,0.44189852700491,0.0,0.0,0.7917888563049853
lstm,joint,0.0005,0.7917888563049853,0.44189852700491,0.5696480938416423,0.537663541472637,1.3614369501466275
