dataset,data_type,function,model,score,concept_score,score_avg,score_fmted
essay,D,PLMs,bert-base-uncased,"[(0.8064516129032258, 0.69)]",[],"(80.64516129032258, 69.0)",80.65/69.00
essay,D^,PLMs,bert-base-uncased,"[(0.8328445747800587, 0.7208330341113106)]",[],"(83.28445747800586, 72.08330341113106)",83.28/72.08
essay,D,CBE-PLMs,bert-base-uncased,"[(0.8064516129032258, 0.6572133544535153)]","[(0.6535923753665689, 0.6905186426271482)]","(80.64516129032258, 65.72133544535153)",80.65/65.72
essay,D^,CBE-PLMs,bert-base-uncased,"[(0.8181818181818182, 0.6944444444444444)]","[(0.6755865102639296, 0.7151925298957625)]","(81.81818181818183, 69.44444444444444)",81.82/69.44
essay,D^,CBE-PLMs-CM,bert-base-uncased,"[(0.7917888563049853, 0.44189852700491), (0.8123167155425219, 0.5367634572932586), (0.8123167155425219, 0.718298223874432), (0.8269794721407625, 0.6454489382324434), (0.8035190615835777, 0.6543831782769836), (0.7859237536656891, 0.6770372484658199), (0.8211143695014663, 0.6669548649470836), (0.7741935483870968, 0.6593406593406593), (0.8181818181818182, 0.6589559943218479), (0.8299120234604106, 0.6856643356643357), (0.7917888563049853, 0.6721375854831065), (0.7741935483870968, 0.6785578747628083), (0.8211143695014663, 0.6619097927671678), (0.8211143695014663, 0.6853339384312835), (0.7947214076246334, 0.6887063119457486)]","[(0.5656158357771262, 0.5798971100925902), (0.5758797653958945, 0.6000603376517395), (0.5967741935483871, 0.6160430095979633), (0.5865102639296188, 0.6117555712879527), (0.6030058651026393, 0.636041639460457), (0.6154692082111437, 0.6454904663856151), (0.6004398826979472, 0.6306048184796486), (0.6220674486803519, 0.6381835717794825), (0.6121700879765396, 0.626273504776469), (0.6180351906158358, 0.6033544788297195), (0.626099706744868, 0.6184523550499587), (0.6312316715542522, 0.6230424883050159), (0.6143695014662757, 0.6041897365503616), (0.626099706744868, 0.6199774395888621), (0.6422287390029325, 0.6334380184540293)]","(80.52785923753663, 64.87593953874593)",80.53/64.88
