dataset,data_type,function,model,score,concept_score,score_avg,score_fmted
cebab,D,PLMs,lstm,"[(0.42628774422735344, 0.6249295537414625)]",[],"(42.62877442273535, 62.492955374146256)",42.63/62.49
cebab,D^,PLMs,lstm,"[(0.27299703264094954, 0.40265907279684593)]",[],"(27.299703264094955, 40.26590727968459)",27.30/40.27
cebab,D,CBE-PLMs,lstm,"[(0.4712847838957963, 0.6554769956951503)]",[],"(47.128478389579634, 65.54769956951503)",47.13/65.55
cebab,D^,CBE-PLMs,lstm,"[(0.4433234421364985, 0.6495790911586621)]",[],"(44.33234421364985, 64.95790911586622)",44.33/64.96
