dataset,data_type,function,model,score,score_avg,score_fmted
cebab,D,PLMs,lstm,"[(0.2729425695677916, 0.40264921643459906)]","(27.29425695677916, 40.26492164345991)",27.29/40.26
cebab,D^,PLMs,lstm,"[(0.27299703264094954, 0.40265907279684593)]","(27.299703264094955, 40.26590727968459)",27.30/40.27
imdb,imdb,PLMs,lstm,"[(0.64, 0.5714285714285714)]","(64.0, 57.14285714285714)",64.00/57.14
cebab,D,CBE-PLMs,lstm,"[(0.27235050325636473, 0.40339120357778774)]","(27.23505032563647, 40.339120357778775)",27.24/40.34
cebab,D^,CBE-PLMs,lstm,"[(0.37091988130563797, 0.5370405485656021)]","(37.0919881305638, 53.70405485656021)",37.09/53.70
imdb,imdb,CBE-PLMs,lstm,"[(0.64, 0.5322245322245323)]","(64.0, 53.222453222453225)",64.00/53.22
