dataset,data_type,function,model,score,concept_score,score_avg,score_fmted
cebab,D,PLMs,gpt2,"[(0.23090586145648312, 0.44063101514460906)]",[],"(23.090586145648313, 44.063101514460904)",23.09/44.06
cebab,D^,PLMs,gpt2,"[(0.6445103857566765, 0.7659371412233854)]",[],"(64.45103857566765, 76.59371412233854)",64.45/76.59
cebab,D,CBE-PLMs,gpt2,"[(0.581409117821196, 0.7047324089122977)]",[],"(58.140911782119595, 70.47324089122978)",58.14/70.47
cebab,D^,CBE-PLMs,gpt2,"[(0.45341246290801185, 0.6232144068649674)]",[],"(45.34124629080119, 62.32144068649674)",45.34/62.32
cebab,D,CBE-PLMs-CM,gpt2,[],[],"(0.0, 0.0)",0.00/0.00
cebab,D^,CBE-PLMs-CM,gpt2,"[(0.5222551928783383, 0.6406398602118838)]",[],"(52.22551928783383, 64.06398602118838)",52.23/64.06
