dataset,data_type,function,model,score,concept_score
essay,D,PLMs,bert-base-uncased,"[(0.5884393063583815, 0.6448737603055715)]",[]
essay,D,PLMs,roberta-base,"[(0.5861271676300578, 0.6348271125642997)]",[]
essay,D,CBE-PLMs,bert-base-uncased,"[(0.5809248554913294, 0.6695721316678549)]","[(0.5612716763005781, 0.6651288112091291)]"
essay,D,CBE-PLMs,roberta-base,"[(0.6092485549132948, 0.6968109729213084)]","[(0.5669075144508671, 0.6698730739069354)]"
